Id,First Name,Last Name,Age,Phone
1,John,Doe,25,555-1234
2,Jane,Smith,30,555-5678
3,Michael,Johnson,22,555-8765
4,Alice,Williams,28,555-4321
5,Robert,Miller,35,555-9876
6,Emily,Brown,27,555-3456
7,William,Jones,32,555-6543
8,Olivia,Davis,29,555-7890
9,Alexander,Moore,26,555-2109
10,Sophia,Anderson,31,555-8901
11,Ethan,Thomas,24,555-1098
12,Isabella,Taylor,33,555-3210
13,Mason,Hall,23,555-5432
14,Abigail,Wilson,34,555-2105
15,James,White,29,555-4321
16,Emma,Martin,27,555-6543
17,Benjamin,Lee,28,555-8765
18,Chloe,Clark,31,555-9876
19,Liam,Carter,25,555-3456
20,Grace,Moore,30,555-6789